<?xml version="1.0" encoding="UTF-8" standalone="no"?>
<!DOCTYPE mapper PUBLIC "-//mybatis.org//DTD Mapper 3.0//EN"
  "http://mybatis.org/dtd/mybatis-3-mapper.dtd">

<mapper namespace="com.cms.assetmanagement.mapper.asset.metadata.VodAssetMetadataMapper">

  <resultMap id="countryCodesMap" type="com.cms.assetmanagement.model.CountryDto">
        <result property="countryCode" column="COUNTRY_CD" jdbcType="VARCHAR"
                javaType="java.lang.String"/>
        <result property="countryName" column="COUNTRY_NM" jdbcType="VARCHAR"
                javaType="java.lang.String"/>
  </resultMap>

  <select id="getCountryCodes" resultMap="countryCodesMap">
    SELECT DISTINCT
      SCC.country_nm,
      SCC.country_cd
    FROM
      sg_country_cd SCC
    WHERE
      tvplus_srvc_fl = 'yes'
  </select>

  <select id="getCountries" resultType="java.lang.String">
    SELECT DISTINCT
      SCC.country_nm||' ('||SCC.country_cd||')' as cnty_cd
    FROM
      sg_country_cd SCC
    WHERE
      tvplus_srvc_fl = 'yes'
    ORDER BY cnty_cd ASC
  </select>

</mapper>