<?xml version="1.0" encoding="UTF-8" standalone="no"?>
<!DOCTYPE mapper PUBLIC "-//mybatis.org//DTD Mapper 3.0//EN"
  "http://mybatis.org/dtd/mybatis-3-mapper.dtd">

<mapper namespace="com.cms.assetmanagement.mapper.asset.content.ImageProcessingMapper">

    <insert id="insertPreProcessingUrls" parameterType="map">
      INSERT ALL
        <foreach collection="preProcessImageDto.imageUrls" item="url" separator="">
          INTO
            ITVSTD_O.STD_CMS_VOD_PREPROCESSING_URLS
            (
              CNTY_CD,
              VC_CP_ID,
              IMG_URL,
              ORIGINAL_IMG_URL,
              SVC_REQ_ID,
              REQUESTID
            )
          VALUES
          (
            #{preProcessImageDto.countryCode},
            #{preProcessImageDto.providerId},
            #{url},
            #{url},
            #{preProcessImageDto.serviceBatchId},
            #{preProcessImageDto.serviceBatchId}
          )
        </foreach>
      SELECT * FROM DUAL
    </insert>

  <select id="getProcessedImagesByReqId" parameterType="java.lang.String"
    resultType="com.cms.assetmanagement.model.imageprocessing.ProcessedImageDto">
    SELECT
      PUC.IMG_URL as originalUrl,
      PUC.PROCESSED_IMG_URL as processedUrl
    FROM
      ITVSTD_O.STD_CMS_VOD_PREPROCESSING_URLS PUC
    WHERE
      PUC.PROCESSED_YN = 'Y' AND
      PUC.SVC_REQ_ID = #{requestId}
  </select>

  <delete id="deleteImageByReqId" parameterType="java.lang.String">
    DELETE
    FROM
      ITVSTD_O.STD_CMS_VOD_PREPROCESSING_URLS
    WHERE
      SVC_REQ_ID = #{requestId}
  </delete>

  <delete id="deleteImageByKeys" parameterType="map">
    DELETE
    FROM
      ITVSTD_O.STD_CMS_VOD_PREPROCESSING_URLS
    WHERE
      CNTY_CD = #{preProcessImageDto.countryCode} AND
      VC_CP_ID = #{preProcessImageDto.providerId} AND
      SVC_REQ_ID = #{preProcessImageDto.serviceBatchId}
  </delete>

</mapper>
