<?xml version="1.0" encoding="UTF-8" standalone="no"?>
<!DOCTYPE mapper PUBLIC "-//mybatis.org//DTD Mapper 3.0//EN"
  "http://mybatis.org/dtd/mybatis-3-mapper.dtd">

<mapper namespace="com.cms.assetmanagement.mapper.asset.content.JsonValidatorMapper">
  <select id="getContentProviderList" resultType="com.cms.assetmanagement.model.filter.ContentProviderDto">
    select
      COUNTRY_CD as countryCd,
      VC_CP_ID as vcCpId,
      VC_CP_NM as vcCpNm
    from
      ITVSTD_O.STD_VC_VOD_CP
    where
      SVC_YN = 'Y'
    AND
      LOWER(FEED_WORKER) IN
      <foreach collection="feedWorkers" item="worker" separator="," open="(" close=")">
        LOWER(#{worker})
      </foreach>
  </select>

   <!--  parental ratings-->
   <select id="getParentalRatingsList" resultType="com.cms.assetmanagement.model.filter.ParentalRatingsDto">
     select
       DISTINCT CNTY_CD as cntyCd,
       TYPE as type,
       ORGANIZATION as organization,
       CODE as code
     from
       ITVSTD_O.STD_VC_PARENTAL_RATING
   </select>


   <select id="getContentIdDetail" parameterType="String" resultType="com.cms.assetmanagement.model.filter.ContentKeyDto">
     select
       CNTY_CD as cntyCd,
       VC_CP_ID as vcCpId,
       CONTENT_ID as contentId
     from
       ITVSTD_O.STD_VC_VOD_CONTENT
     where
       CNTY_CD = #{countryCode}
       AND CONTENT_ID = #{assetId}
   </select>

  <select id="getValidLanguagesByCountryCode" parameterType="String" resultType="String">
    select
      LANG_CODE as langCode
    from
      ITVSTD_O.STD_VC_CNTY_CD_LANG_MAP
    where
      CNTY_CD = #{countryCode}
  </select>

  <select id="countAssetByContentId" parameterType="String" resultType="Integer">
    SELECT
      COUNT(*)
    FROM
      ITVSTD_O.STD_VC_VOD_CONTENT
    WHERE
      CONTENT_ID = #{contentId}
  </select>

  <select id="getTypeByContentId" parameterType="String" resultType="String">
    SELECT
      TYPE
    FROM
      ITVSTD_O.STD_VC_VOD_CONTENT
    WHERE
      CONTENT_ID = #{contentId}
  </select>

  <select id="getAssetDetailByContentId" parameterType="String" resultType="com.cms.assetmanagement.model.filter.ContentProviderDto">
    SELECT
    CONTENT_ID as contentId,
      VC_CP_ID as vcCpId,
      CNTY_CD as countryCd,
      ASSET_CURRENT_STATUS as status,
      TYPE as type,
      SHOW_ID as showId,
      SEASON_NO as seasonNumber
    FROM
      ITVSTD_O.STD_VC_VOD_CONTENT
    WHERE
      CONTENT_ID = #{contentId}
      AND
      CNTY_CD = #{countryCode}
  </select>

  <select id="getAssetDetailByContentIdAndType" parameterType="String" resultType="com.cms.assetmanagement.model.filter.ContentProviderDto">
    SELECT
      CONTENT_ID as contentId,
      VC_CP_ID as vcCpId,
      CNTY_CD as countryCd,
      ASSET_CURRENT_STATUS as status,
      TYPE as type,
      SHOW_ID as showId,
      SEASON_NO as seasonNumber
    FROM
      ITVSTD_O.STD_VC_VOD_CONTENT
    WHERE
      CONTENT_ID = #{contentId}
      AND
      TYPE = #{type}
      AND
      CNTY_CD = #{countryCode}
  </select>

  <select id="getExternalIdDataByProviderAndTypeAndCountry" parameterType="map" resultType="com.cms.assetmanagement.model.AssetExternalIdDto">
    SELECT
      EXTERNAL_PROGRAM_ID as externalProgramId,
      ID_TYPE as idType,
      PROVIDER as provider,
      COUNTRY_CD as countryCode
    FROM
      ITVSTD_O.STD_VC_VOD_EXTERNALID
    WHERE
    <foreach collection="assetExternalIdList" item="data" open="(" separator="OR" close=")">
      COUNTRY_CD = #{data.countryCode}
      AND
      PROVIDER = #{data.provider}
      AND
      ID_TYPE = #{data.idType}
      AND
      PROGRAM_ID = #{data.programId}
    </foreach>
  </select>
</mapper>
