<?xml version="1.0" encoding="UTF-8" standalone="no"?>
<!DOCTYPE mapper PUBLIC "-//mybatis.org//DTD Mapper 3.0//EN"
  "http://mybatis.org/dtd/mybatis-3-mapper.dtd">

<mapper namespace="com.cms.assetmanagement.mapper.asset.content.VodAssetImageMapper">
  <select id="getAllImageByContentId" resultType="com.cms.assetmanagement.model.AssetImageDto" parameterType="com.cms.assetmanagement.model.AssetKeyDto">
    SELECT
        SCVI.COUNTRY_CD AS countryCode,
        SCVI.PROVIDER_ID AS providerId,
        SCVI.PROGRAM_ID AS contentId,
        SCVI.IMG_URL_ORIGINAL AS imageUrlOriginal,
        SCVI.IMAGE_TYPE AS imageType,
        SCVI.REGR_ID AS regrId,
        SCVI.CRCTR_ID AS crctrId,
        SCVI.FEED_WORKER AS feedWorker,
        SCVI.IMG_URL_PROCESSED AS imageUrlProcessed,
        SCVI.IMG_DEFAULT AS isDefault,
        SCVI.IMG_DIMENSION AS imgDimension
    FROM
        ITVSTD_O.STD_CMS_VOD_IMAGES SCVI
    WHERE
        SCVI.COUNTRY_CD=#{countryCode} AND
        SCVI.PROVIDER_ID=#{vcCpId} AND
        SCVI.PROGRAM_ID=#{contentId} AND
        SCVI.IMG_DEFAULT = 'N'
  </select>
  <insert id="insertImagesByContentId" parameterType="map">
    INSERT ALL
    <foreach collection="imageList" item="imageDetails">
      INTO
      ITVSTD_O.STD_CMS_VOD_IMAGES
          (
          COUNTRY_CD,
          PROVIDER_ID,
          PROGRAM_ID,
          IMG_URL_ORIGINAL,
          IMAGE_TYPE,
          FEED_WORKER,
          IMG_URL_PROCESSED,
          IMG_DEFAULT,
          IMG_DIMENSION
          )
      VALUES(   #{imageDetails.countryCode, jdbcType=VARCHAR},
                #{imageDetails.providerId, jdbcType=VARCHAR},
                #{imageDetails.contentId, jdbcType=VARCHAR},
                #{imageDetails.imageUrlOriginal, jdbcType=VARCHAR},
                #{imageDetails.imageType, jdbcType=VARCHAR},
                #{imageDetails.feedWorker, jdbcType=VARCHAR},
                #{imageDetails.imageUrlProcessed, jdbcType=VARCHAR},
                #{imageDetails.isDefault, jdbcType=VARCHAR} ,
                #{imageDetails.imgDimension, jdbcType=VARCHAR}
      )
    </foreach>
    SELECT * FROM DUAL
  </insert>
  <delete id="deleteImagesByContentId"  >
    DELETE FROM
        ITVSTD_O.STD_CMS_VOD_IMAGES SCVI
    WHERE
    <foreach collection="assetList" item="asset" open="(" separator=" OR " close=")">
      ( SCVI.COUNTRY_CD=#{asset.countryCode} AND
      SCVI.PROVIDER_ID=#{asset.vcCpId} AND
      SCVI.PROGRAM_ID=#{asset.contentId})
    </foreach>
  </delete>

</mapper>