<?xml version="1.0" encoding="UTF-8" standalone="no"?>
<!DOCTYPE mapper PUBLIC "-//mybatis.org//DTD Mapper 3.0//EN"
  "http://mybatis.org/dtd/mybatis-3-mapper.dtd">

<mapper namespace="com.cms.assetmanagement.mapper.asset.content.VodAssetExportMapper">

<!-- /////////// Result Maps /////////// -->
  <resultMap id="vodAssetMap" type="com.cms.assetmanagement.model.VodAssetDto">
      <result property="contentId" column="CONTENT_ID" jdbcType="VARCHAR"
              javaType="java.lang.String"/>
      <result property="umdId" column="UMD_ID" jdbcType="VARCHAR"
              javaType="java.lang.String"/>
      <result property="feedType" column="FEED_TYPE" jdbcType="VARCHAR"
              javaType="java.lang.String"/>
      <result property="countryCode" column="CNTY_CD" jdbcType="VARCHAR"
              javaType="java.lang.String"/>
      <result property="type" column="TYPE" jdbcType="VARCHAR"
              javaType="java.lang.String"/>
      <result property="mainTitle" column="MAIN_TITLE" jdbcType="VARCHAR"
              javaType="java.lang.String"/>
      <result property="shortTitle" column="SHORT_TITLE" jdbcType="VARCHAR"
              javaType="java.lang.String"/>
      <result property="language" column="LANGUAGE" jdbcType="VARCHAR"
              javaType="java.lang.String"/>
      <result property="mainTitleLanguage" column="LANGUAGE" jdbcType="VARCHAR"
              javaType="java.lang.String"/>
      <result property="shortTitleLanguage" column="LANGUAGE" jdbcType="VARCHAR"
              javaType="java.lang.String"/>
      <result property="runningTime" column="RUNNING_TIME" jdbcType="INTEGER"
              javaType="java.lang.Integer"/>
      <result property="genres" column="GENRES" jdbcType="VARCHAR"
              javaType="java.lang.String"/>
      <result property="director" column="DIRECTOR" jdbcType="VARCHAR"
              javaType="java.lang.String"/>
      <result property="starring" column="STARRING" jdbcType="VARCHAR"
              javaType="java.lang.String"/>
      <result property="ratings" column="RATINGS" jdbcType="VARCHAR"
              javaType="java.lang.String"/>
      <result property="description" column="DESCR" jdbcType="VARCHAR"
              javaType="java.lang.String"/>
      <result property="episodeNo" column="EPISODE_NO" jdbcType="INTEGER"
              javaType="java.lang.Integer"/>
      <result property="seasonNo" column="SEASON_NO" jdbcType="INTEGER"
              javaType="java.lang.Integer"/>
      <result property="seasonId" column="SEASON_ID" jdbcType="VARCHAR"
              javaType="java.lang.String"/>
      <result property="streamUri" column="STREAM_URI" jdbcType="VARCHAR"
              javaType="java.lang.String"/>
      <result property="imageLandscape" column="IMG_LANDSCAPE" jdbcType="VARCHAR"
              javaType="java.lang.String"/>
      <result property="releaseDate" column="REL_DATE" jdbcType="VARCHAR"
              javaType="java.lang.String"/>
      <result property="expiryDate" column="EXP_DATE" jdbcType="VARCHAR"
              javaType="java.lang.String"/>
      <result property="showId" column="SHOW_ID" jdbcType="VARCHAR"
              javaType="java.lang.String"/>
      <result property="regDate" column="REG_DT" jdbcType="DATE"
              javaType="java.util.Date"/>
      <result property="updateDate" column="UPD_DT" jdbcType="DATE"
              javaType="java.util.Date"/>
      <result property="regrId" column="REGR_ID" jdbcType="VARCHAR"
              javaType="java.lang.String"/>
      <result property="crctrId" column="CRCTR_ID" jdbcType="VARCHAR"
              javaType="java.lang.String"/>
      <result property="vcCpId" column="VC_CP_ID" jdbcType="VARCHAR"
              javaType="java.lang.String"/>
      <result property="imagePortrait" column="IMG_PORTRAIT" jdbcType="VARCHAR"
              javaType="java.lang.String"/>
      <result property="imageCircle" column="IMG_CIRCLE" jdbcType="VARCHAR"
              javaType="java.lang.String"/>
      <result property="webVttUrl" column="WEBVTT_URL" jdbcType="VARCHAR"
              javaType="java.lang.String"/>
      <result property="thumbnailUrl" column="THUMBNAIL_URL" jdbcType="VARCHAR"
              javaType="java.lang.String"/>
      <result property="audioLang" column="AUDIO_LANG" jdbcType="VARCHAR"
              javaType="java.lang.String"/>
      <result property="subtitleLang" column="SUBTITLE_LANG" jdbcType="VARCHAR"
              javaType="java.lang.String"/>
      <result property="deeplinkPayload" column="DEEPLINK_PAYLOAD" jdbcType="VARCHAR"
              javaType="java.lang.String"/>
      <result property="audioCode" column="AUDIO_CD" jdbcType="VARCHAR"
              javaType="java.lang.String"/>
      <result property="subtitleCode" column="SUBTITLE_CD" jdbcType="VARCHAR"
              javaType="java.lang.String"/>
      <result property="quality" column="QUALITY" jdbcType="VARCHAR"
              javaType="java.lang.String"/>
      <result property="vcSvcId" column="VC_SVC_ID" jdbcType="VARCHAR"
              javaType="java.lang.String"/>
      <result property="deeplinkId" column="DEEPLINK_ID" jdbcType="VARCHAR"
              javaType="java.lang.String"/>
      <result property="fileName" column="FILE_NAME" jdbcType="VARCHAR"
              javaType="java.lang.String"/>
      <result property="dataplusYn" column="DATAPLUS_YN" jdbcType="VARCHAR"
              javaType="java.lang.String"/>
      <result property="nonAdStreamUri" column="NON_AD_STREAM_URI" jdbcType="VARCHAR"
              javaType="java.lang.String"/>
      <result property="imageLandscapeOriginal" column="IMG_LANDSCAPE_ORIGINAL" jdbcType="VARCHAR"
              javaType="java.lang.String"/>
      <result property="imagePortraitOriginal" column="IMG_PORTRAIT_ORIGINAL" jdbcType="VARCHAR"
              javaType="java.lang.String"/>
      <result property="imageCircleOriginal" column="IMG_CIRCLE_ORIGINAL" jdbcType="VARCHAR"
              javaType="java.lang.String"/>
      <result property="processedImageUrl" column="PROCESSED_IMG_URL" jdbcType="VARCHAR"
              javaType="java.lang.String"/>
      <result property="availableStarting" column="AVAILABLE_STARTING" jdbcType="VARCHAR"
              javaType="java.lang.String"/>
      <result property="cpName" column="CONTENT_PARTNER" jdbcType="VARCHAR"
              javaType="java.lang.String"/>
      <result property="tiName" column="VC_CP_NM" jdbcType="VARCHAR"
              javaType="java.lang.String"/>
      <result property="status" column="ASSET_CURRENT_STATUS" jdbcType="VARCHAR"
              javaType="java.lang.String"/>
      <result property="addedFrom" column="ADDED_FROM" jdbcType="VARCHAR"
              javaType="java.lang.String"/>
      <result property="artist" column="ARTIST" jdbcType="VARCHAR"
              javaType="java.lang.String"/>
      <result property="identifierId" column="IDENTIFIER_ID" jdbcType="VARCHAR"
              javaType="java.lang.String"/>
      <result property="contentTier" column="CONTENT_TIER" jdbcType="VARCHAR"
              javaType="java.lang.String"/>
      <result property="chapterTime" column="CHAPTER_TIME" jdbcType="VARCHAR"
              javaType="java.lang.String"/>
      <result property="chapterDescription" column="CHAPTER_DESC" jdbcType="VARCHAR"
              javaType="java.lang.String"/>
      <result property="assetId" column="ASSET_ID" jdbcType="VARCHAR"
              javaType="java.lang.String"/>
      <result property="qcPassReason" column="PASS_REASON" jdbcType="VARCHAR"
              javaType="java.lang.String"/>
      <result property="adTag" column="AD_TAG" jdbcType="VARCHAR"
              javaType="java.lang.String"/>
      <result property="contentPartner" column="CONTENT_PARTNER" jdbcType="VARCHAR"
              javaType="java.lang.String"/>
      <result property="platformTag" column="PLATFORM_TAG" jdbcType="VARCHAR"
              javaType="java.lang.String"/>
      <result property="feedWorker" column="FEED_WORKER" jdbcType="VARCHAR"
              javaType="java.lang.String"/>
      <result property="imagePortraitIconic" column="IMG_PORTRAIT_ICONIC" jdbcType="VARCHAR"
              javaType="java.lang.String"/>
      <result property="imageLandscapeIconic" column="IMG_LANDSCAPE_ICONIC" jdbcType="VARCHAR"
              javaType="java.lang.String"/>
      <result property="imagePortraitIconicOriginal" column="IMG_PORTRAIT_ICONIC_ORIGINAL" jdbcType="VARCHAR"
              javaType="java.lang.String"/>
      <result property="imageLandscapeIconicOriginal" column="IMG_LANDSCAPE_ICONIC_ORIGINAL" jdbcType="VARCHAR"
              javaType="java.lang.String"/>
      <result property="adBreak" column="AD_BREAK" jdbcType="VARCHAR"
              javaType="java.lang.String"/>
      <result property="drm" column="IS_DRM" jdbcType="VARCHAR"
              javaType="java.lang.String"/>
      <result property="externalId" column="EXT_ID" jdbcType="VARCHAR"
              javaType="java.lang.String"/>
      <result property="seriesDescription" column="SERIES_DESCR" jdbcType="VARCHAR"
              javaType="java.lang.String"/>
      <result property="isCmsProd" column="CMS_IS_PRD" jdbcType="INTEGER"
              javaType="java.lang.Integer"/>
      <result property="isSyncBlocked" column="IS_SYNC_BLOCKED" javaType="java.lang.Boolean"/>
      <result property="isReleased" column="IS_RELEASED" javaType="java.lang.Boolean" />
      <result property="dbStatus" column="DB_STATUS" jdbcType="VARCHAR"/>
      <result property="imageLandscapeDimension" column="IMG_LANDSCAPE_W_H" jdbcType="VARCHAR"
        javaType="java.lang.String"/>
      <result property="imagePortraitDimension" column="IMG_PORTRAIT_W_H" jdbcType="VARCHAR"
        javaType="java.lang.String"/>
      <result property="imageLandscapeIconicDimension" column="IMG_LANDSCAPE_ICONIC_W_H" jdbcType="VARCHAR"
        javaType="java.lang.String"/>
      <result property="imagePortraitIconicDimension" column="IMG_PORTRAIT_ICONIC_W_H" jdbcType="VARCHAR"
        javaType="java.lang.String"/>
      <result property="license" column="LICENSE" jdbcType="VARCHAR"
        javaType="java.lang.String"/>
      <result property="showTitle" column="SHOW_TITLE" javaType="java.lang.String"/>
      <result property="seasonTitle" column="SEASON_TITLE" javaType="java.lang.String"/>
      <result property="onDeviceTrans" column="ONDEVICE_TRANS_YN" jdbcType="VARCHAR"
              javaType="java.lang.String"/>
      <result property="eventStarting" column="EVENT_STARTING" jdbcType="VARCHAR"
              javaType="java.lang.String"/>
      <result property="eventEnding" column="EVENT_ENDING" jdbcType="VARCHAR"
              javaType="java.lang.String"/>
      <result property="streamType" column="STREAM_TYPE" jdbcType="VARCHAR"
              javaType="java.lang.String"/>
      <result property="totalAvailableStarting" column="TOTAL_AVAILABLE_STARTING" jdbcType="VARCHAR"
        javaType="java.lang.String"/>
      <result property="totalAvailableEnding" column="TOTAL_AVAILABLE_ENDING" jdbcType="VARCHAR"
        javaType="java.lang.String"/>
      <result property="isDelete" column="IS_DELETE" jdbcType="VARCHAR"
        javaType="java.lang.String"/>
      <result property="deltaType" column="DELTA_TYPE" jdbcType="VARCHAR"
        javaType="java.lang.String"/>
      <result property="attributes" column="ATTRIBUTES" jdbcType="VARCHAR"
        javaType="java.lang.String"/>
      <result property="ingestionType" column="INGESTION_TYPE" jdbcType="VARCHAR"
        javaType="java.lang.String"/>
      <result property="eventYn" column="EVENT_YN" jdbcType="VARCHAR"
        javaType="java.lang.String"/>
      <result property="realLive" column="REAL_LIVE" jdbcType="VARCHAR"
        javaType="java.lang.String"/>
      <result property="subType" column="SUBTYPE" jdbcType="VARCHAR"
        javaType="java.lang.String"/>
      <result property="airType" column="AIR_TYPE" jdbcType="VARCHAR"
        javaType="java.lang.String"/>
      <result property="geoRestrictionYn" column="GEORESTRICTION_YN" jdbcType="VARCHAR"
        javaType="java.lang.String"/>
      <result property="team1" column="MATCH_TEAM1" jdbcType="VARCHAR"
        javaType="java.lang.String"/>
      <result property="team2" column="MATCH_TEAM2" jdbcType="VARCHAR"
        javaType="java.lang.String"/>
      <result property="matchInformation" column="MATCH_INFORMATION" jdbcType="VARCHAR"
        javaType="java.lang.String"/>
      <collection property="externalProvider" ofType="com.cms.assetmanagement.model.ExternalProviderDto">
              <result property="externalProgramId" column="EXTERNAL_PROGRAM_ID_LIST"
                jdbcType="VARCHAR" javaType="java.lang.String"/>
              <result property="idType" column="ID_TYPE" jdbcType="VARCHAR"
                javaType="java.lang.String"/>
              <result property="idProvider" column="EXT_VC_CP_ID" jdbcType="VARCHAR"
                javaType="java.lang.String"/>
              <result property="provider" column="EXT_PROVIDER_LIST" jdbcType="VARCHAR"
                javaType="java.lang.String"/>
      </collection>
      <collection property="adBreaks" ofType="com.cms.assetmanagement.model.AdBreaksDto">
              <result property="programId" column="AD_PROGRAM_ID"
                jdbcType="VARCHAR" javaType="java.lang.String"/>
              <result property="countryCode" column="AD_COUNTRY_CD" jdbcType="VARCHAR"
                javaType="java.lang.String"/>
              <result property="providerId" column="AD_PROVIDER_ID" jdbcType="VARCHAR"
                javaType="java.lang.String"/>
              <result property="markIn" column="MARK_IN"
                jdbcType="VARCHAR" javaType="java.lang.String"/>
              <result property="markOut" column="MARK_OUT" jdbcType="VARCHAR"
                javaType="java.lang.String"/>
              <result property="duration" column="DURATION" jdbcType="VARCHAR"
                javaType="java.lang.String"/>
              <result property="order" column="AD_ORDER" jdbcType="INTEGER"
                javaType="java.lang.Integer"/>
              <result property="insertAdMarkers" column="AD_MARKER" jdbcType="VARCHAR"
                javaType="java.lang.String"/>
              <result property="adBreakDurationSeconds" column="AD_DURATION"
                jdbcType="INTEGER" javaType="java.lang.Double"/>
      </collection>
      <collection property="platformTagData" ofType="com.cms.assetmanagement.model.PlatformTagData">
              <result property="type" column="ACCESS_TYPE"
                jdbcType="VARCHAR" javaType="java.lang.String"/>
              <result property="platform" column="PLATFORM" jdbcType="VARCHAR"
                javaType="java.lang.String"/>
              <result property="alias" column="ALIAS" jdbcType="VARCHAR"
                javaType="java.lang.String"/>
      </collection>
      <collection property="drmData" ofType="com.cms.assetmanagement.model.AssetDrmDto">
              <result property="countryCode" column="COUNTRY_CD"
                jdbcType="VARCHAR" javaType="java.lang.String"/>
              <result property="providerId" column="PROVIDER_ID" jdbcType="VARCHAR"
                javaType="java.lang.String"/>
              <result property="programId" column="PROGRAM_ID"
                jdbcType="VARCHAR" javaType="java.lang.String"/>
              <result property="type" column="DRM_TYPE" jdbcType="VARCHAR"
                javaType="java.lang.String"/>
              <result property="licenseUrl" column="LICENSE_URL"
                jdbcType="VARCHAR" javaType="java.lang.String"/>
              <result property="customHeaderName" column="CUSTOM_HEADER_NAME" jdbcType="VARCHAR"
                javaType="java.lang.String"/>
              <result property="customHeaderValue" column="CUSTOM_HEADER_VALUE" jdbcType="VARCHAR"
                javaType="java.lang.String"/>
      </collection>
      <collection property="parentalRatings" ofType="com.cms.assetmanagement.model.ParentalRatingsDto">
              <result property="body" column="RATING_BODY"
                jdbcType="VARCHAR" javaType="java.lang.String"/>
              <result property="ratings" column="CODE" jdbcType="VARCHAR"
                javaType="java.lang.String"/>
      </collection>
      <collection property="cast" ofType="com.cms.assetmanagement.model.AssetCastDto">
              <result property="characterName" column="CHARACTER_NAME"
                jdbcType="VARCHAR" javaType="java.lang.String"/>
              <result property="name" column="NAME"
                jdbcType="VARCHAR" javaType="java.lang.String"/>
              <result property="role" column="ROLE"
                jdbcType="VARCHAR" javaType="java.lang.String"/>
      </collection>
      <collection property="licenseWindowList" ofType="com.cms.assetmanagement.common.window_util.model.LicenseWindowDto">
              <result property="availableStarting" column="WINDOW_AVAILABLE_STARTING"
                jdbcType="VARCHAR" javaType="java.lang.String"/>
              <result property="availableEnding" column="WINDOW_EXP_DATE"
                jdbcType="VARCHAR" javaType="java.lang.String"/>
              <result property="licenseId" column="WINDOW_LICENSE_ID"
                jdbcType="VARCHAR" javaType="java.lang.String"/>
              <result property="windowStatus" column="WINDOW_STATUS"
                javaType="java.lang.String"/>
      </collection>
      <collection property="eventWindowList" ofType="com.cms.assetmanagement.common.window_util.model.EventWindowDto">
              <result property="eventStarting" column="WINDOW_EVENT_STARTING"
                jdbcType="VARCHAR" javaType="java.lang.String"/>
              <result property="eventEnding" column="WINDOW_EVENT_ENDING"
                jdbcType="VARCHAR" javaType="java.lang.String"/>
              <result property="eventId" column="WINDOW_EVENT_ID"
                jdbcType="VARCHAR" javaType="java.lang.String"/>
      </collection>
      <collection property="geoRestrictions" ofType="com.cms.assetmanagement.model.GeoRestrictionsDto">
              <result property="accessType" column="GEO_ACCESS_TYPE"
                jdbcType="VARCHAR" javaType="java.lang.String"/>
              <result property="restrictionType" column="GEO_RESTRICTION_TYPE"
                jdbcType="VARCHAR" javaType="java.lang.String"/>
              <result property="teamRegion" column="GEO_TEAM_REGION"
                jdbcType="VARCHAR" javaType="java.lang.String"/>
    </collection>
  </resultMap>

  <sql id="exportSelectedColumns">
    SELECT DISTINCT
      SVVC.CONTENT_ID,
      SVVC.VC_CP_ID,
      SVVC.CNTY_CD,
      SVVC.UPD_DT,
      SVVC.FEED_WORKER,
      SVVC.PASS_REASON,
      SVVC.AVAILABLE_STARTING,
      SVVC.EXP_DATE,
      SVVC.ASSET_CURRENT_STATUS,
      SVVC.TYPE,
      CASE
        WHEN SVVC.CMS_IS_PRD = 0
        THEN 'STG'
        WHEN SVVC.CMS_IS_PRD IN (1,2)
        THEN 'PRD &amp; STG'
      END as DB_STATUS,
      <if test="filterBody != null and filterBody.columns != null">
        <foreach item="column" collection="filterBody.columns" separator=",">
          <choose>
            <when test="column == 'SHOW_TITLE'">
              CASE
                WHEN SVVC.TYPE IN ('SHOW', 'SEASON', 'EPISODE')
                THEN COALESCE(SVVC_SHOW.MAIN_TITLE, SVVC.MAIN_TITLE)
                ELSE ''
              END as SHOW_TITLE
            </when>
            <when test="column == 'SEASON_TITLE'">
              CASE
                WHEN SVVC.TYPE IN ('SEASON', 'EPISODE')
                THEN COALESCE(SVVC_SEASON.MAIN_TITLE, SVVC.MAIN_TITLE)
                ELSE ''
              END as SEASON_TITLE
            </when>
            <when test="column == 'DRM'">
              CASE
                WHEN DRM.PROGRAM_ID IS NOT NULL
                THEN 'Yes'
                ELSE 'No'
              END as IS_DRM
            </when>
            <when test="column == 'EXT_ID'">
              CASE
                WHEN SVVC.FEED_WORKER IN
                <foreach item="feedWorker" collection="extFeedWorkers" open="(" separator=" , " close=")">
                  #{feedWorker}
                </foreach>
                THEN 'Y'
                ELSE 'N'
              END as EXT_ID
            </when>
            <when test="column == 'VC_CP_NM'">
              SVC.VC_CP_NM as VC_CP_NM
            </when>
            <when test="column == 'CAST'">
              CAST.CHARACTER_NAME,
              CAST."ROLE",
              CAST.NAME
            </when>
            <when test="column == 'EXTERNAL_PROGRAM_ID'">
              EXT.EXTERNAL_PROGRAM_ID as EXTERNAL_PROGRAM_ID_LIST,
              EXT.ID_TYPE as ID_TYPE,
              EXT.VC_CP_ID as EXT_VC_CP_ID,
              EXT.PROVIDER as EXT_PROVIDER_LIST
            </when>
            <when test="column == 'EXT_PROVIDER'">
              EXT.PROVIDER as EXT_PROVIDER_LIST
            </when>
            <when test="column == 'INGESTION_TYPE'">
              CASE
                WHEN
                  SVVC.FEED_WORKER IN ('CMS', 'CMS_GRACENOTE')
                THEN 'CMS'
                WHEN
                  SVVC.FEED_WORKER IN ('TVPLUS_DELTA', 'TVPLUS_DELTA_GRACENOTE') AND
                  SVVC.DELTA_TYPE = 'QC_SYNC'
                THEN 'SMF QC'
                WHEN
                  SVVC.FEED_WORKER IN ('TVPLUS_DELTA', 'TVPLUS_DELTA_GRACENOTE') AND
                  SVVC.DELTA_TYPE = 'AUTO_SYNC'
                THEN 'SMF Non QC'
                ELSE
                  'Untrackable'
              END as INGESTION_TYPE
          </when>
            <when test="column == 'PARENTAL_RATINGS'">
              RATING."BODY" as RATING_BODY,
              RATING.CODE
            </when>
            <when test="column == 'LICENSE_WINDOW_LIST'">
              LICENSE.AVAILABLE_STARTING as WINDOW_AVAILABLE_STARTING,
              LICENSE.EXP_DATE as WINDOW_EXP_DATE,
              LICENSE.LICENSE_ID as WINDOW_LICENSE_ID
            </when>
            <when test="column == 'EVENT_WINDOW_LIST'">
              EVENT.EVENT_ID as WINDOW_EVENT_ID,
              EVENT.EVENT_STARTING as WINDOW_EVENT_STARTING,
              EVENT.EVENT_ENDING as WINDOW_EVENT_ENDING
            </when>
            <when test="column == 'LANGUAGE'">
              CMS.LANG_TXT as LANGUAGE
            </when>
            <when test="column == 'ONDEVICE_TRANS_YN'">
              CASE
                WHEN SVVC.ONDEVICE_TRANS_YN = 'Y'
                THEN 'Yes'
                ELSE 'No'
              END as ONDEVICE_TRANS_YN
            </when>
            <when test="column == 'MATCH_INFORMATION'">
              CASE
                WHEN
                  SVVC.MATCH_TEAM1 IS NOT NULL AND SVVC.MATCH_TEAM2 IS NOT NULL
                THEN SVVC.MATCH_TEAM1 || ' vs ' || SVVC.MATCH_TEAM2
                WHEN
                  SVVC.MATCH_TEAM1 IS NOT NULL
                THEN SVVC.MATCH_TEAM1
                WHEN
                  SVVC.MATCH_TEAM2 IS NOT NULL
                THEN SVVC.MATCH_TEAM2
              END as MATCH_INFORMATION
            </when>
            <when test="column == 'GEO_RESTRICTIONS'">
              GEO.ACCESS_TYPE AS GEO_ACCESS_TYPE,
              GEO.RESTRICTION_TYPE AS GEO_RESTRICTION_TYPE,
              GEO.TEAM_REGION AS GEO_TEAM_REGION
            </when>
            <when test="column == 'LICENSE_WINDOW'or
                column == 'UPD_DT' or
                column == 'AVAILABLE_STARTING' or
                column == 'EXP_DATE' or
                column == 'IS_RELEASED' or
                column == 'LANGUAGE' or
                column == 'DB_STATUS' or
                column == 'LIVE_ON_DEVICE' or
                column == 'ASSET_CURRENT_STATUS' or
                column == 'TYPE' or
                column == 'DB_STATUS'">
            </when>
            <otherwise>
              SVVC.${column}
            </otherwise>
           </choose>
        </foreach>
      </if>
  </sql>

  <sql id="totalFilters">
    WHERE
    SVVC.IS_DELETE = 'N'
    <if test="filterBody!= null and filterBody.filters != null">
          <if test="filterBody.filters.isEmpty() == false">
            AND
            <foreach item="operation" collection="filterBody.filters" separator="AND ">
              <if test="operation.type == 'search'">
                <choose>
                  <when test="operation.key == 'SHOW_TITLE'">
                    (
                      SVVC.TYPE IN ('SHOW', 'SEASON', 'EPISODE') AND
                      <foreach item="value" collection="operation.values" open="(" separator=" OR " close=")">
                            LOWER(COALESCE(SVVC_SHOW.MAIN_TITLE, SVVC.MAIN_TITLE)) LIKE LOWER(q'[%${value}%]')
                      </foreach>

                    )
                  </when>
                  <when test="operation.key == 'SEASON_TITLE'">
                    (
                      SVVC.TYPE IN ('SEASON', 'EPISODE') AND
                      <foreach item="value" collection="operation.values" open="(" separator=" OR " close=")">
                        LOWER(COALESCE(SVVC_SEASON.MAIN_TITLE, SVVC.MAIN_TITLE)) LIKE LOWER(q'[%${value}%]')
                      </foreach>
                    )
                  </when>
                  <when test="operation.key == 'SEASON_NO' or operation.key == 'EPISODE_NO'">
                    (
                      <foreach item="value" collection="operation.values" open="(" separator=" OR " close=")">
                        LOWER(SVVC.${operation.key}) = LOWER(${value})
                      </foreach>
                    )
                  </when>
                  <when test="operation.key == 'SERIES_DESCR'">
                    (
                      SVVC.TYPE = 'SHOW' AND
                      <foreach item="value" collection="operation.values" open="(" separator=" OR " close=")">
                        LOWER(SVVC.DESCR) LIKE LOWER(q'[%${value}%]')
                      </foreach>
                    )
                  </when>
                  <when test="operation.key == 'EXT_ID'">
                    <foreach item="value" collection="operation.values" open="(" separator=" OR " close=")">
                      LOWER(EXT.EXTERNAL_PROGRAM_ID) LIKE LOWER(q'[%${value}%]')
                    </foreach>
                  </when>
                  <when test="operation.key == 'EXTERNAL_PROGRAM_ID'">
                    <foreach item="value" collection="operation.values" open="(" separator=" OR " close=")">
                      LOWER(EXT.EXTERNAL_PROGRAM_ID) LIKE LOWER(q'[%${value}%]')
                    </foreach>
                  </when>
                  <when test="operation.key == 'EXT_PROVIDER'">
                    <foreach item="value" collection="operation.values" open="(" separator=" OR " close=")">
                      LOWER(EXT.PROVIDER) LIKE LOWER(q'[%${value}%]')
                    </foreach>
                  </when>
                  <when test="operation.key == 'STARRING'">
                    <foreach item="value" collection="operation.values" open="(" separator=" OR " close=")">
                      LOWER(SVVC.ARTIST) LIKE LOWER(q'[%${value}%]') OR
                      LOWER(SVVC.STARRING) LIKE LOWER(q'[%${value}%]') OR
                      LOWER(SVVC.DIRECTOR) LIKE LOWER(q'[%${value}%]')
                    </foreach>
                  </when>
                  <when test="operation.key == 'MATCH_INFORMATION'">
                    <foreach item="value" collection="operation.values" open="(" separator=" OR " close=")">
                      LOWER(SVVC.MATCH_TEAM1) LIKE LOWER(q'[%${value}%]') OR
                      LOWER(SVVC.MATCH_TEAM2) LIKE LOWER(q'[%${value}%]')
                    </foreach>
                  </when>
                  <otherwise>
                    <foreach item="value" collection="operation.values" open="(" separator=" OR " close=")">
                      LOWER(SVVC.${operation.key}) LIKE LOWER(q'[%${value}%]')
                    </foreach>
                  </otherwise>
                </choose>
              </if>

              <if test="operation.type == 'filter'">
              <choose>
                <when test="operation.key == 'AUDIO_LANG'">
                  <foreach item="value" collection="operation.values" open="(" separator=" OR " close=")">
                    LOWER(SVVC.AUDIO_CD) LIKE LOWER(q'[%${value}%]')
                  </foreach>
                </when>
                <when test="operation.key == 'SUBTITLE_LANG'">
                  <foreach item="value" collection="operation.values" open="(" separator=" OR " close=")">
                    LOWER(SVVC.SUBTITLE_CD) LIKE LOWER(q'[%${value}%]')
                  </foreach>
                </when>
                <when test="operation.key == 'GENRES'">
                  <foreach item="value" collection="operation.values" open="(" separator=" OR " close=")">
                     LOWER(SVVC.GENRES) LIKE LOWER(q'[%${value}%]')
                  </foreach>
                </when>
                <when test="operation.key == 'VC_CP_NM'">
                  LOWER(SVC.VC_CP_NM) IN
                  <foreach item="value" collection="operation.values" open="(" separator=" , " close=")">
                     LOWER(#{value})
                  </foreach>
                </when>
                <when test="operation.key == 'DRM'">
                  <choose>
                    <when test="operation.values[0] eq 'Y'.toString()">
                      DRM.PROGRAM_ID IS NOT NULL
                    </when>
                    <when test="operation.values[0] eq 'N'.toString()">
                      DRM.PROGRAM_ID IS NULL
                    </when>
                  </choose>
                </when>
                <when test="operation.key == 'LICENSE_STATUS'">
                   <foreach item="value" collection="operation.values" open="(" separator=" OR " close=")">
                    <if test="value == 'UPCOMING'">
                      <![CDATA[
                        (
                          SVVC.AVAILABLE_STARTING IS NOT NULL
                          AND
                          TRUNC(TO_DATE(SVVC.AVAILABLE_STARTING, 'YYYY-MM-DD"T"HH24:MI:SS"Z"')) > TRUNC(SYSDATE)
                        )
                      ]]>
                    </if>
                    <if test="value == 'ACTIVE'">
                      <![CDATA[
                        (
                          SVVC.AVAILABLE_STARTING IS NOT NULL
                          AND TRUNC(TO_DATE(SVVC.AVAILABLE_STARTING, 'YYYY-MM-DD"T"HH24:MI:SS"Z"')) <= TRUNC(SYSDATE)
                          AND (
                            SVVC.EXP_DATE IS NULL OR
                            TRUNC(TO_DATE(SVVC.EXP_DATE, 'YYYY-MM-DD"T"HH24:MI:SS"Z"')) >= TRUNC(SYSDATE)
                          )
                        )
                      ]]>
                    </if>
                    <if test="value == 'EXPIRED'">
                      <![CDATA[
                        (
                          SVVC.EXP_DATE IS NOT NULL
                          AND
                          TRUNC(TO_DATE(SVVC.EXP_DATE, 'YYYY-MM-DD"T"HH24:MI:SS"Z"')) < TRUNC(SYSDATE)
                        )
                      ]]>
                    </if>
                   </foreach>
                </when>
                <when test="operation.key == 'ASSET_CURRENT_STATUS' ">
                  <if test="operation.values != null and operation.values.size > 0">
                    <foreach item="value" collection="operation.values" open="(" separator=" OR " close=")">
                      <choose>
                        <when test=" value == 'Untrackable' ">
                          (
                            UPPER(SVVC.FEED_WORKER) NOT IN
                            <foreach item="item" collection="feedWorkers" open="(" separator="," close=")">
                              #{item}
                            </foreach>
                          )
                        </when>
                        <otherwise>
                          (
                              UPPER(SVVC.FEED_WORKER) IN
                              <foreach item="item" collection="feedWorkers" open="(" separator="," close=")">
                                #{item}
                              </foreach>
                            )
                        </otherwise>
                      </choose>
                    </foreach>
                     AND
                    <foreach item="value" collection="operation.values" open="(" separator=" OR " close=")">
                      <choose>
                        <when test=" value == 'Untrackable' ">
                          (
                            UPPER(SVVC.FEED_WORKER) NOT IN
                            <foreach item="item" collection="feedWorkers" open="(" separator="," close=")">
                              #{item}
                            </foreach>
                          )
                        </when>
                        <when test=" value == 'Ready for Release' ">
                          <![CDATA[
                            (
                              LOWER(SVVC.ASSET_CURRENT_STATUS) = LOWER('Released')
                              AND SVVC.AVAILABLE_STARTING IS NOT NULL
                              AND SVVC.AVAILABLE_STARTING > TO_CHAR(SYSDATE, 'YYYY-MM-DD"T"HH24:MI:SS"Z"')
                            )
                          ]]>
                        </when>
                        <when test=" value == 'Released' ">
                          <![CDATA[
                            (
                              LOWER(SVVC.ASSET_CURRENT_STATUS) = LOWER('Released') AND
                              (
                                SVVC.AVAILABLE_STARTING IS NULL OR
                                (
                                  SVVC.AVAILABLE_STARTING IS NOT NULL
                                  AND SVVC.AVAILABLE_STARTING <= TO_CHAR(SYSDATE, 'YYYY-MM-DD"T"HH24:MI:SS"Z"')
                                )
                              )
                            )
                          ]]>
                        </when>
                        <otherwise>
                          (
                            LOWER(SVVC.ASSET_CURRENT_STATUS) = LOWER(#{value})
                          )
                        </otherwise>
                      </choose>
                    </foreach>
                  </if>
                </when>
                <when test="operation.key == 'DB_STATUS'">
                  <foreach item="value" collection="operation.values" open="(" separator=" OR "
                           close=")">
                    <choose>
                      <when test=" value == 'Untrackable' ">
                        (
                        UPPER(SVVC.FEED_WORKER) NOT IN
                        <foreach item="item" collection="feedWorkers" open="(" separator=","
                                 close=")">
                          #{item}
                        </foreach>
                        )
                      </when>
                      <when test="value == 'PRD &amp; STG'">
                       ( SVVC.CMS_IS_PRD IN (1,2) AND   (
                        UPPER(SVVC.FEED_WORKER)  IN
                        <foreach item="item" collection="feedWorkers" open="(" separator=","
                                 close=")">
                          #{item}
                        </foreach>
                        ))
                      </when>
                      <when test="value == 'STG'">
                       ( SVVC.CMS_IS_PRD IN (0) AND  (
                        UPPER(SVVC.FEED_WORKER)  IN
                        <foreach item="item" collection="feedWorkers" open="(" separator=","
                                 close=")">
                          #{item}
                        </foreach>
                        ))
                      </when>
                    </choose>
                  </foreach>
                </when>
                <when test="operation.key == 'LIVE_ON_DEVICE'">
                  <foreach item="value" collection="operation.values" open="(" separator=" OR " close=")">
                    <choose>
                      <when test=" value == 'Untrackable' ">
                        (
                        UPPER(SVVC.FEED_WORKER) NOT IN
                        <foreach item="item" collection="feedWorkers" open="(" separator="," close=")">
                          #{item}
                        </foreach>
                        )
                      </when>
                      <when test=" value == 'Yes' ">
                        UPPER(SVVC.FEED_WORKER) IN
                        <foreach item="item" collection="feedWorkers" open="(" separator="," close=")">
                          #{item}
                        </foreach> AND
                        (
                          <![CDATA[
                            (
                              LOWER(SVVC.ASSET_CURRENT_STATUS) = LOWER('Released') AND
                              (
                                SVVC.AVAILABLE_STARTING IS NULL OR
                                (
                                  SVVC.AVAILABLE_STARTING IS NOT NULL
                                  AND SVVC.AVAILABLE_STARTING <= TO_CHAR(SYSDATE, 'YYYY-MM-DD"T"HH24:MI:SS"Z"')
                                )
                              )
                            )
                          ]]> AND
                          SVVC.CMS_IS_PRD IN (1,2)
                        ) AND
                        (
                          SVVC.TYPE IN ('SHOW', 'SEASON') OR
                          <![CDATA[
                            (
                              SVVC.AVAILABLE_STARTING IS NOT NULL
                              AND TRUNC(TO_DATE(SVVC.AVAILABLE_STARTING, 'YYYY-MM-DD"T"HH24:MI:SS"Z"')) <= TRUNC(SYSDATE)
                              AND (
                                SVVC.EXP_DATE IS NULL OR
                                TRUNC(TO_DATE(SVVC.EXP_DATE, 'YYYY-MM-DD"T"HH24:MI:SS"Z"')) >= TRUNC(SYSDATE)
                              )
                            )
                          ]]>
                        )
                      </when>
                      <when test="value == 'No'">
                        UPPER(SVVC.FEED_WORKER) IN
                        <foreach item="item" collection="feedWorkers" open="(" separator="," close=")">
                          #{item}
                        </foreach> AND
                        (
                          NOT <![CDATA[
                            (
                              LOWER(SVVC.ASSET_CURRENT_STATUS) = LOWER('Released') AND
                              (
                                SVVC.AVAILABLE_STARTING IS NULL OR
                                (
                                  SVVC.AVAILABLE_STARTING IS NOT NULL
                                  AND SVVC.AVAILABLE_STARTING <= TO_CHAR(SYSDATE, 'YYYY-MM-DD"T"HH24:MI:SS"Z"')
                                )
                              )
                            )
                          ]]> OR
                          SVVC.CMS_IS_PRD IN (0)
                        ) OR
                        (
                          SVVC.TYPE NOT IN ('SHOW', 'SEASON') AND
                          NOT <![CDATA[
                            (
                              SVVC.AVAILABLE_STARTING IS NOT NULL
                              AND TRUNC(TO_DATE(SVVC.AVAILABLE_STARTING, 'YYYY-MM-DD"T"HH24:MI:SS"Z"')) <= TRUNC(SYSDATE)
                              AND (
                                SVVC.EXP_DATE IS NULL OR
                                TRUNC(TO_DATE(SVVC.EXP_DATE, 'YYYY-MM-DD"T"HH24:MI:SS"Z"')) >= TRUNC(SYSDATE)
                              )
                            )
                          ]]>
                        )
                      </when>
                    </choose>
                  </foreach>
                </when>
                <when test="operation.key == 'ONDEVICE_TRANS_YN'">
                  SVVC.ONDEVICE_TRANS_YN IN
                  <foreach item="value" collection="operation.values" open="(" separator=" , " close=")">
                    <choose>
                      <when test="value == 'Yes'">
                        'Y'
                      </when>
                      <when test="value == 'No'">
                        'N'
                      </when>
                    </choose>
                  </foreach>
                </when>
                <when test="operation.key == 'HISTORY'">
                  LAST_STATUS.LAST_QC_STATE = 2
                </when>
                <when test="operation.key == 'INGESTION_TYPE'">
                  <foreach item="value" collection="operation.values" open="(" separator=" OR " close=")">
                    <choose>
                      <when test="value == 'CMS'">
                        SVVC.FEED_WORKER IN ('CMS', 'CMS_GRACENOTE')
                      </when>
                      <when test="value == 'SMF QC'">
                        SVVC.FEED_WORKER IN ('TVPLUS_DELTA', 'TVPLUS_DELTA_GRACENOTE') AND
                        SVVC.DELTA_TYPE = 'QC_SYNC'
                      </when>
                      <when test="value == 'SMF Non QC'">
                        SVVC.FEED_WORKER IN ('TVPLUS_DELTA', 'TVPLUS_DELTA_GRACENOTE') AND
                        SVVC.DELTA_TYPE = 'AUTO_SYNC'
                      </when>
                      <otherwise>
                        UPPER(SVVC.FEED_WORKER) NOT IN
                        <foreach item="item" collection="feedWorkers" open="(" separator="," close=")">
                          #{item}
                        </foreach>
                      </otherwise>
                    </choose>
                  </foreach>
                </when>
                <when test="operation.key == 'ATTRIBUTES'">
                  (
                  <foreach item="value" collection="operation.values" open="(" separator=" OR " close=")">
                    LOWER(SVVC.ATTRIBUTES) LIKE LOWER(q'[%${value}%]')
                  </foreach>
                  )
                </when>
                <otherwise>
                  (
                    SVVC."${operation.key}" IN
                    <foreach item="value" collection="operation.values" open="(" separator="," close=")">
                      #{value}
                    </foreach>
                  )
                </otherwise>
               </choose>
              </if>

              <if test="operation.type == 'dateRange'">
                <choose >
                  <when test="operation.key == 'LICENSE_STATUS_RANGE'">
                    <choose>
                      <when test="operation.values[0] != '' and operation.values[1] != ''">
                        <![CDATA[
                            (
                              TRUNC(TO_DATE(SVVC.AVAILABLE_STARTING, 'YYYY-MM-DD"T"HH24:MI:SS"Z"')) <= TRUNC(TO_DATE(#{operation.values[0]}, 'YYYY-MM-DD HH24:MI:SS' ))
                              AND
                              TRUNC(TO_DATE(SVVC.EXP_DATE, 'YYYY-MM-DD"T"HH24:MI:SS"Z"')) >= TRUNC(TO_DATE(#{operation.values[1]}, 'YYYY-MM-DD HH24:MI:SS' ))
                            )
                          ]]>
                        </when>
                        <when test="operation.values[0] != ''">
                          <![CDATA[
                            (
                              TRUNC(TO_DATE(SVVC.AVAILABLE_STARTING, 'YYYY-MM-DD"T"HH24:MI:SS"Z"')) <= TRUNC(TO_DATE(#{operation.values[0]}, 'YYYY-MM-DD HH24:MI:SS' ))
                              AND
                              TRUNC(TO_DATE(SVVC.EXP_DATE, 'YYYY-MM-DD"T"HH24:MI:SS"Z"')) >= TRUNC(TO_DATE(#{operation.values[0]}, 'YYYY-MM-DD HH24:MI:SS' ))
                            )
                          ]]>
                        </when>
                        <when test="operation.values[1] != ''">
                          <![CDATA[
                            (
                              TRUNC(TO_DATE(SVVC.AVAILABLE_STARTING, 'YYYY-MM-DD"T"HH24:MI:SS"Z"')) <= TRUNC(TO_DATE(#{operation.values[1]}, 'YYYY-MM-DD HH24:MI:SS' ))
                              AND
                              TRUNC(TO_DATE(SVVC.EXP_DATE, 'YYYY-MM-DD"T"HH24:MI:SS"Z"')) >= TRUNC(TO_DATE(#{operation.values[1]}, 'YYYY-MM-DD HH24:MI:SS' ))
                            )
                          ]]>
                      </when>
                    </choose>
                  </when>
                  <when test="operation.key == 'LICENSE_RANGE'">
                    <choose>
                      <when test="operation.values[0] != '' and operation.values[1] != ''">
                        <![CDATA[
                          (
                            TRUNC(TO_DATE(SVVC.AVAILABLE_STARTING, 'YYYY-MM-DD"T"HH24:MI:SS"Z"')) = TRUNC(TO_DATE(#{operation.values[0]}, 'YYYY-MM-DD HH24:MI:SS' ))
                            AND
                            TRUNC(TO_DATE(SVVC.EXP_DATE, 'YYYY-MM-DD"T"HH24:MI:SS"Z"')) = TRUNC(TO_DATE(#{operation.values[1]}, 'YYYY-MM-DD HH24:MI:SS' ))
                          )
                        ]]>
                      </when>
                      <when test="operation.values[0] != ''">
                        <![CDATA[
                          (
                            TRUNC(TO_DATE(SVVC.AVAILABLE_STARTING, 'YYYY-MM-DD"T"HH24:MI:SS"Z"')) = TRUNC(TO_DATE(#{operation.values[0]}, 'YYYY-MM-DD HH24:MI:SS' ))
                          )
                        ]]>
                      </when>
                      <when test="operation.values[1] != ''">
                        <![CDATA[
                          (
                            TRUNC(TO_DATE(SVVC.EXP_DATE, 'YYYY-MM-DD"T"HH24:MI:SS"Z"')) = TRUNC(TO_DATE(#{operation.values[1]}, 'YYYY-MM-DD HH24:MI:SS' ))
                          )
                        ]]>
                      </when>
                    </choose>
                  </when>
                  <when test="operation.key == 'EVENT_RANGE'">
                    <choose>
                      <when test="operation.values[0] != '' and operation.values[1] != ''">
                        <![CDATA[
                      (
                        TRUNC(TO_DATE(SVVC.EVENT_STARTING, 'YYYY-MM-DD"T"HH24:MI:SS"Z"')) = TRUNC(TO_DATE(#{operation.values[0]}, 'YYYY-MM-DD HH24:MI:SS' ))
                        AND
                        TRUNC(TO_DATE(SVVC.EVENT_ENDING, 'YYYY-MM-DD"T"HH24:MI:SS"Z"')) = TRUNC(TO_DATE(#{operation.values[1]}, 'YYYY-MM-DD HH24:MI:SS' ))
                      )
                    ]]>
                      </when>
                      <when test="operation.values[0] != ''">
                        <![CDATA[
                      (
                        TRUNC(TO_DATE(SVVC.EVENT_STARTING, 'YYYY-MM-DD"T"HH24:MI:SS"Z"')) = TRUNC(TO_DATE(#{operation.values[0]}, 'YYYY-MM-DD HH24:MI:SS' ))
                      )
                    ]]>
                      </when>
                      <when test="operation.values[1] != ''">
                        <![CDATA[
                      (
                        TRUNC(TO_DATE(SVVC.EVENT_ENDING, 'YYYY-MM-DD"T"HH24:MI:SS"Z"')) = TRUNC(TO_DATE(#{operation.values[1]}, 'YYYY-MM-DD HH24:MI:SS' ))
                      )
                    ]]>
                      </when>
                    </choose>
                  </when>
                  <when test="operation.key == 'ASSET_INGESTION_RANGE'">
                    <choose>
                      <when test="operation.values[0] != '' and operation.values[1] != ''">
                        <![CDATA[
                          (
                              TRUNC(SVVC.REG_DT) >= TRUNC(TO_DATE(#{operation.values[0]}, 'YYYY-MM-DD HH24:MI:SS' ))
                              AND
                              TRUNC(SVVC.REG_DT) <= TRUNC(TO_DATE(#{operation.values[1]}, 'YYYY-MM-DD HH24:MI:SS' ))
                          )
                        ]]>
                      </when>
                      <when test="operation.values[0] != ''">
                        <![CDATA[
                          (
                            TRUNC(SVVC.REG_DT) = TRUNC(TO_DATE(#{operation.values[0]}, 'YYYY-MM-DD HH24:MI:SS' ))
                          )
                        ]]>
                      </when>
                      <when test="operation.values[1] != ''">
                        <![CDATA[
                          (
                            TRUNC(SVVC.REG_DT) = TRUNC(TO_DATE(#{operation.values[1]}, 'YYYY-MM-DD HH24:MI:SS' ))
                          )
                        ]]>
                      </when>
                    </choose>
                  </when>
                  <when test="operation.key == 'ASSET_UPDATE_RANGE'">
                    <choose>
                      <when test="operation.values[0] != '' and operation.values[1] != ''">
                        <![CDATA[
                          (
                              TRUNC(SVVC.UPD_DT) >= TRUNC(TO_DATE(#{operation.values[0]}, 'YYYY-MM-DD HH24:MI:SS' ))
                              AND
                              TRUNC(SVVC.UPD_DT) <= TRUNC(TO_DATE(#{operation.values[1]}, 'YYYY-MM-DD HH24:MI:SS' ))
                          )
                        ]]>
                      </when>
                      <when test="operation.values[0] != ''">
                        <![CDATA[
                          (
                            TRUNC(SVVC.UPD_DT) = TRUNC(TO_DATE(#{operation.values[0]}, 'YYYY-MM-DD HH24:MI:SS' ))
                          )
                        ]]>
                      </when>
                      <when test="operation.values[1] != ''">
                        <![CDATA[
                          (
                            TRUNC(SVVC.UPD_DT) = TRUNC(TO_DATE(#{operation.values[1]}, 'YYYY-MM-DD HH24:MI:SS' ))
                          )
                        ]]>
                      </when>
                    </choose>
                  </when>
                </choose>

              </if>
            </foreach>
          </if>
        </if>
  </sql>

  <sql id="contentTablePaginationQuery">
    SELECT * FROM (
      SELECT
        SVVC_INTERNAL.*,
        ROW_NUMBER() OVER(
          ORDER BY
          CASE
            <foreach item="column" collection="feedWorkerOrder">
              WHEN
                LOWER(SVVC_INTERNAL.FEED_WORKER) = LOWER(#{column.feedWorker}) THEN #{column.priority}
            </foreach>
          END,
          <if test="filterBody != null and filterBody.sortBy != null">
            <foreach item="sort" collection="filterBody.sortBy" separator="," close=",">
              SVVC_INTERNAL.${sort.field} ${sort.order}
            </foreach>
          </if>
          SVVC_INTERNAL.CONTENT_ID
        ) RN
      FROM ITVSTD_O.STD_VC_VOD_CONTENT SVVC_INTERNAL
      LEFT JOIN
        ITVSTD_O.STD_VC_VOD_CONTENT SVVC_SEASON
      ON (
        SVVC_SEASON.CONTENT_ID = SVVC_INTERNAL.SEASON_ID AND
        SVVC_SEASON.VC_CP_ID = SVVC_INTERNAL.VC_CP_ID AND
        SVVC_SEASON.CNTY_CD = SVVC_INTERNAL.CNTY_CD
      )
      LEFT JOIN
        ITVSTD_O.STD_VC_VOD_CONTENT SVVC_SHOW
      ON (
        SVVC_SHOW.CONTENT_ID = SVVC_INTERNAL.SHOW_ID AND
        SVVC_SHOW.VC_CP_ID = SVVC_INTERNAL.VC_CP_ID AND
        SVVC_SHOW.CNTY_CD = SVVC_INTERNAL.CNTY_CD
      )
      LEFT JOIN
        ITVSTD_O.STD_VC_VOD_CP SVC_INTERNAL
      ON (
        SVVC_INTERNAL.VC_CP_ID = SVC_INTERNAL.VC_CP_ID
        AND SVVC_INTERNAL.CNTY_CD = SVC_INTERNAL.COUNTRY_CD
      )
      WHERE
      SVVC_INTERNAL.IS_DELETE = 'N'
      <if test="filterBody!= null and filterBody.filters != null">
          <if test="filterBody.filters.isEmpty() == false">
          AND
          <foreach item="operation" collection="filterBody.filters" separator="AND ">
            <if test="operation.type == 'search'">
              <choose>
                <when test="operation.key == 'SHOW_TITLE'">
                  (
                    SVVC_INTERNAL.TYPE IN ('SHOW', 'SEASON', 'EPISODE') AND
                    <foreach item="value" collection="operation.values" open="(" separator=" OR " close=")">
                          LOWER(COALESCE(SVVC_SHOW.MAIN_TITLE, SVVC_INTERNAL.MAIN_TITLE)) LIKE LOWER(q'[%${value}%]')
                    </foreach>

                  )
                </when>
                <when test="operation.key == 'SEASON_TITLE'">
                  (
                    SVVC_INTERNAL.TYPE IN ('SEASON', 'EPISODE') AND
                    <foreach item="value" collection="operation.values" open="(" separator=" OR " close=")">
                      LOWER(COALESCE(SVVC_SEASON.MAIN_TITLE, SVVC_INTERNAL.MAIN_TITLE)) LIKE LOWER(q'[%${value}%]')
                    </foreach>
                  )
                </when>
                <when test="operation.key == 'SEASON_NO' or operation.key == 'EPISODE_NO'">
                  (
                    <foreach item="value" collection="operation.values" open="(" separator=" OR " close=")">
                      LOWER(SVVC_INTERNAL.${operation.key}) = LOWER(${value})
                    </foreach>
                  )
                </when>
                <when test="operation.key == 'SERIES_DESCR'">
                  (
                    SVVC_INTERNAL.TYPE = 'SHOW' AND
                    <foreach item="value" collection="operation.values" open="(" separator=" OR " close=")">
                      LOWER(SVVC_INTERNAL.DESCR) LIKE LOWER(q'[%${value}%]')
                    </foreach>
                  )
                </when>
                <when test="operation.key == 'STARRING'">
                  <foreach item="value" collection="operation.values" open="(" separator=" OR " close=")">
                    LOWER(SVVC_INTERNAL.ARTIST) LIKE LOWER(q'[%${value}%]') OR
                    LOWER(SVVC_INTERNAL.STARRING) LIKE LOWER(q'[%${value}%]') OR
                    LOWER(SVVC_INTERNAL.DIRECTOR) LIKE LOWER(q'[%${value}%]')
                  </foreach>
                </when>
                <when test="operation.key == 'MATCH_INFORMATION'">
                  <foreach item="value" collection="operation.values" open="(" separator=" OR " close=")">
                    LOWER(SVVC_INTERNAL.MATCH_TEAM1) LIKE LOWER(q'[%${value}%]') OR
                    LOWER(SVVC_INTERNAL.MATCH_TEAM2) LIKE LOWER(q'[%${value}%]')
                  </foreach>
                </when>
                <when test="operation.key == 'EXTERNAL_PROGRAM_ID' or operation.key == 'EXT_ID' or operation.key == 'EXT_PROVIDER'">
                  1 = 1
                </when>
                <otherwise>
                  <foreach item="value" collection="operation.values" open="(" separator=" OR " close=")">
                    LOWER(SVVC_INTERNAL.${operation.key}) LIKE LOWER(q'[%${value}%]')
                  </foreach>
                </otherwise>
              </choose>
            </if>

            <if test="operation.type == 'filter'">
            <choose>
              <when test="operation.key == 'VC_CP_NM'">
                LOWER(SVC_INTERNAL.VC_CP_NM) IN
                <foreach item="value" collection="operation.values" open="(" separator=" , " close=")">
                   LOWER(#{value})
                </foreach>
              </when>
              <when test="operation.key == 'AUDIO_LANG'">
                <foreach item="value" collection="operation.values" open="(" separator=" OR " close=")">
                  LOWER(SVVC_INTERNAL.AUDIO_CD) LIKE LOWER(q'[%${value}%]')
                </foreach>
              </when>
              <when test="operation.key == 'SUBTITLE_LANG'">
                <foreach item="value" collection="operation.values" open="(" separator=" OR " close=")">
                  LOWER(SVVC_INTERNAL.SUBTITLE_CD) LIKE LOWER(q'[%${value}%]')
                </foreach>
              </when>
              <when test="operation.key == 'GENRES'">
                <foreach item="value" collection="operation.values" open="(" separator=" OR " close=")">
                   LOWER(SVVC_INTERNAL.GENRES) LIKE LOWER(q'[%${value}%]')
                </foreach>
              </when>
              <when test="operation.key == 'LICENSE_STATUS'">
                 <foreach item="value" collection="operation.values" open="(" separator=" OR " close=")">
                  <if test="value == 'UPCOMING'">
                    <![CDATA[
                      (
                        SVVC_INTERNAL.AVAILABLE_STARTING IS NOT NULL
                        AND
                        TRUNC(TO_DATE(SVVC_INTERNAL.AVAILABLE_STARTING, 'YYYY-MM-DD"T"HH24:MI:SS"Z"')) > TRUNC(SYSDATE)
                      )
                    ]]>
                  </if>
                  <if test="value == 'ACTIVE'">
                    <![CDATA[
                      (
                        SVVC_INTERNAL.AVAILABLE_STARTING IS NOT NULL
                        AND TRUNC(TO_DATE(SVVC_INTERNAL.AVAILABLE_STARTING, 'YYYY-MM-DD"T"HH24:MI:SS"Z"')) <= TRUNC(SYSDATE)
                        AND (
                          SVVC_INTERNAL.EXP_DATE IS NULL OR
                          TRUNC(TO_DATE(SVVC_INTERNAL.EXP_DATE, 'YYYY-MM-DD"T"HH24:MI:SS"Z"')) >= TRUNC(SYSDATE)
                        )
                      )
                    ]]>
                  </if>
                  <if test="value == 'EXPIRED'">
                    <![CDATA[
                      (
                        SVVC_INTERNAL.EXP_DATE IS NOT NULL
                        AND
                        TRUNC(TO_DATE(SVVC_INTERNAL.EXP_DATE, 'YYYY-MM-DD"T"HH24:MI:SS"Z"')) < TRUNC(SYSDATE)
                      )
                    ]]>
                  </if>
                 </foreach>
              </when>
              <when test="operation.key == 'ASSET_CURRENT_STATUS' ">
                <if test="operation.values != null and operation.values.size > 0">
                  <foreach item="value" collection="operation.values" open="(" separator=" OR " close=")">
                    <choose>
                      <when test=" value == 'Untrackable' ">
                        (
                          UPPER(SVVC_INTERNAL.FEED_WORKER) NOT IN
                          <foreach item="item" collection="feedWorkers" open="(" separator="," close=")">
                            #{item}
                          </foreach>
                        )
                      </when>
                      <otherwise>
                        (
                            UPPER(SVVC_INTERNAL.FEED_WORKER) IN
                            <foreach item="item" collection="feedWorkers" open="(" separator="," close=")">
                              #{item}
                            </foreach>
                          )
                      </otherwise>
                    </choose>
                  </foreach>
                   AND
                  <foreach item="value" collection="operation.values" open="(" separator=" OR " close=")">
                    <choose>
                      <when test=" value == 'Untrackable' ">
                        (
                          UPPER(SVVC_INTERNAL.FEED_WORKER) NOT IN
                          <foreach item="item" collection="feedWorkers" open="(" separator="," close=")">
                            #{item}
                          </foreach>
                        )
                      </when>
                      <when test=" value == 'Ready for Release' ">
                        <![CDATA[
                          (
                            LOWER(SVVC_INTERNAL.ASSET_CURRENT_STATUS) = LOWER('Released')
                            AND SVVC_INTERNAL.AVAILABLE_STARTING IS NOT NULL
                            AND SVVC_INTERNAL.AVAILABLE_STARTING > TO_CHAR(SYSDATE, 'YYYY-MM-DD"T"HH24:MI:SS"Z"')
                          )
                        ]]>
                      </when>
                      <when test=" value == 'Released' ">
                        <![CDATA[
                          (
                            LOWER(SVVC_INTERNAL.ASSET_CURRENT_STATUS) = LOWER('Released') AND
                            (
                              SVVC_INTERNAL.AVAILABLE_STARTING IS NULL OR
                              (
                                SVVC_INTERNAL.AVAILABLE_STARTING IS NOT NULL
                                AND SVVC_INTERNAL.AVAILABLE_STARTING <= TO_CHAR(SYSDATE, 'YYYY-MM-DD"T"HH24:MI:SS"Z"')
                              )
                            )
                          )
                        ]]>
                      </when>
                      <otherwise>
                        (
                          LOWER(SVVC_INTERNAL.ASSET_CURRENT_STATUS) = LOWER(#{value})
                        )
                      </otherwise>
                    </choose>
                  </foreach>
                </if>
              </when>
              <when test="operation.key == 'DB_STATUS'">
                <foreach item="value" collection="operation.values" open="(" separator=" OR " close=")">
                  <choose>
                    <when test=" value == 'Untrackable' ">
                      (
                      UPPER(SVVC_INTERNAL.FEED_WORKER) NOT IN
                      <foreach item="item" collection="feedWorkers" open="(" separator=","
                               close=")">
                        #{item}
                      </foreach>
                      )
                    </when>
                    <when test="value == 'PRD &amp; STG'">
                     ( SVVC_INTERNAL.CMS_IS_PRD IN (1,2) AND   (
                      UPPER(SVVC_INTERNAL.FEED_WORKER)  IN
                      <foreach item="item" collection="feedWorkers" open="(" separator=","
                               close=")">
                        #{item}
                      </foreach>
                      ))
                    </when>
                    <when test="value == 'STG'">
                     ( SVVC_INTERNAL.CMS_IS_PRD IN (0) AND  (
                      UPPER(SVVC_INTERNAL.FEED_WORKER)  IN
                      <foreach item="item" collection="feedWorkers" open="(" separator=","
                               close=")">
                        #{item}
                      </foreach>
                      ))
                    </when>
                  </choose>
                </foreach>
              </when>
              <when test="operation.key == 'LIVE_ON_DEVICE'">
                <foreach item="value" collection="operation.values" open="(" separator=" OR " close=")">
                  <choose>
                    <when test=" value == 'Untrackable' ">
                      (
                      UPPER(SVVC_INTERNAL.FEED_WORKER) NOT IN
                      <foreach item="item" collection="feedWorkers" open="(" separator="," close=")">
                        #{item}
                      </foreach>
                      )
                    </when>
                    <when test=" value == 'Yes' ">
                      UPPER(SVVC_INTERNAL.FEED_WORKER) IN
                      <foreach item="item" collection="feedWorkers" open="(" separator="," close=")">
                        #{item}
                      </foreach> AND
                      (
                        <![CDATA[
                          (
                            LOWER(SVVC_INTERNAL.ASSET_CURRENT_STATUS) = LOWER('Released') AND
                            (
                              SVVC_INTERNAL.AVAILABLE_STARTING IS NULL OR
                              (
                                SVVC_INTERNAL.AVAILABLE_STARTING IS NOT NULL
                                AND SVVC_INTERNAL.AVAILABLE_STARTING <= TO_CHAR(SYSDATE, 'YYYY-MM-DD"T"HH24:MI:SS"Z"')
                              )
                            )
                          )
                        ]]> AND
                        SVVC_INTERNAL.CMS_IS_PRD IN (1,2)
                      ) AND
                      (
                        SVVC_INTERNAL.TYPE IN ('SHOW', 'SEASON') OR
                        <![CDATA[
                          (
                            SVVC_INTERNAL.AVAILABLE_STARTING IS NOT NULL
                            AND TRUNC(TO_DATE(SVVC_INTERNAL.AVAILABLE_STARTING, 'YYYY-MM-DD"T"HH24:MI:SS"Z"')) <= TRUNC(SYSDATE)
                            AND (
                              SVVC_INTERNAL.EXP_DATE IS NULL OR
                              TRUNC(TO_DATE(SVVC_INTERNAL.EXP_DATE, 'YYYY-MM-DD"T"HH24:MI:SS"Z"')) >= TRUNC(SYSDATE)
                            )
                          )
                        ]]>
                      )
                    </when>
                    <when test="value == 'No'">
                      UPPER(SVVC_INTERNAL.FEED_WORKER) IN
                      <foreach item="item" collection="feedWorkers" open="(" separator="," close=")">
                        #{item}
                      </foreach> AND
                      (
                        NOT <![CDATA[
                          (
                            LOWER(SVVC_INTERNAL.ASSET_CURRENT_STATUS) = LOWER('Released') AND
                            (
                              SVVC_INTERNAL.AVAILABLE_STARTING IS NULL OR
                              (
                                SVVC_INTERNAL.AVAILABLE_STARTING IS NOT NULL
                                AND SVVC_INTERNAL.AVAILABLE_STARTING <= TO_CHAR(SYSDATE, 'YYYY-MM-DD"T"HH24:MI:SS"Z"')
                              )
                            )
                          )
                        ]]> OR
                        SVVC_INTERNAL.CMS_IS_PRD IN (0)
                      ) OR
                      (
                        SVVC_INTERNAL.TYPE NOT IN ('SHOW', 'SEASON') AND
                        NOT <![CDATA[
                          (
                            SVVC_INTERNAL.AVAILABLE_STARTING IS NOT NULL
                            AND TRUNC(TO_DATE(SVVC_INTERNAL.AVAILABLE_STARTING, 'YYYY-MM-DD"T"HH24:MI:SS"Z"')) <= TRUNC(SYSDATE)
                            AND (
                              SVVC_INTERNAL.EXP_DATE IS NULL OR
                              TRUNC(TO_DATE(SVVC_INTERNAL.EXP_DATE, 'YYYY-MM-DD"T"HH24:MI:SS"Z"')) >= TRUNC(SYSDATE)
                            )
                          )
                        ]]>
                      )
                    </when>
                  </choose>
          </foreach>
              </when>
              <when test="operation.key == 'ONDEVICE_TRANS_YN'">
                  SVVC_INTERNAL.ONDEVICE_TRANS_YN IN
                  <foreach item="value" collection="operation.values" open="(" separator=" , " close=")">
                    <choose>
                      <when test="value == 'Yes'">
                        'Y'
                      </when>
                      <when test="value == 'No'">
                        'N'
                      </when>
                    </choose>
                  </foreach>
                </when>
              <when test="operation.key == 'INGESTION_TYPE'">
                <foreach item="value" collection="operation.values" open="(" separator=" OR " close=")">
                  <choose>
                    <when test="value == 'CMS'">
                      SVVC_INTERNAL.FEED_WORKER IN ('CMS', 'CMS_GRACENOTE')
                    </when>
                    <when test="value == 'SMF QC'">
                      SVVC_INTERNAL.FEED_WORKER IN ('TVPLUS_DELTA', 'TVPLUS_DELTA_GRACENOTE') AND
                      SVVC_INTERNAL.DELTA_TYPE = 'QC_SYNC'
                    </when>
                    <when test="value == 'SMF Non QC'">
                      SVVC_INTERNAL.FEED_WORKER IN ('TVPLUS_DELTA', 'TVPLUS_DELTA_GRACENOTE') AND
                      SVVC_INTERNAL.DELTA_TYPE = 'AUTO_SYNC'
                    </when>
                    <otherwise>
                      UPPER(SVVC_INTERNAL.FEED_WORKER) NOT IN
                      <foreach item="item" collection="feedWorkers" open="(" separator="," close=")">
                        #{item}
                      </foreach>
                    </otherwise>
                  </choose>
                </foreach>
              </when>
              <when test="operation.key == 'ATTRIBUTES'">
                (
                <foreach item="value" collection="operation.values" open="(" separator=" OR " close=")">
                  LOWER(SVVC_INTERNAL.ATTRIBUTES) LIKE LOWER(q'[%${value}%]')
                </foreach>
                )
              </when>
              <when test="operation.key == 'HISTORY' or operation.key == 'VC_CP_NM' or operation.key == 'DRM'">
                1 = 1
              </when>
              <otherwise>
                (
                  SVVC_INTERNAL."${operation.key}" IN
                  <foreach item="value" collection="operation.values" open="(" separator="," close=")">
                    #{value}
                  </foreach>
                )
              </otherwise>
             </choose>
            </if>

            <if test="operation.type == 'dateRange'">
              <choose >
                <when test="operation.key == 'LICENSE_STATUS_RANGE'">
                  <choose>
                    <when test="operation.values[0] != '' and operation.values[1] != ''">
                      <![CDATA[
                          (
                            TRUNC(TO_DATE(SVVC_INTERNAL.AVAILABLE_STARTING, 'YYYY-MM-DD"T"HH24:MI:SS"Z"')) <= TRUNC(TO_DATE(#{operation.values[0]}, 'YYYY-MM-DD HH24:MI:SS' ))
                            AND
                            TRUNC(TO_DATE(SVVC_INTERNAL.EXP_DATE, 'YYYY-MM-DD"T"HH24:MI:SS"Z"')) >= TRUNC(TO_DATE(#{operation.values[1]}, 'YYYY-MM-DD HH24:MI:SS' ))
                          )
                        ]]>
                      </when>
                      <when test="operation.values[0] != ''">
                        <![CDATA[
                          (
                            TRUNC(TO_DATE(SVVC_INTERNAL.AVAILABLE_STARTING, 'YYYY-MM-DD"T"HH24:MI:SS"Z"')) <= TRUNC(TO_DATE(#{operation.values[0]}, 'YYYY-MM-DD HH24:MI:SS' ))
                            AND
                            TRUNC(TO_DATE(SVVC_INTERNAL.EXP_DATE, 'YYYY-MM-DD"T"HH24:MI:SS"Z"')) >= TRUNC(TO_DATE(#{operation.values[0]}, 'YYYY-MM-DD HH24:MI:SS' ))
                          )
                        ]]>
                      </when>
                      <when test="operation.values[1] != ''">
                        <![CDATA[
                          (
                            TRUNC(TO_DATE(SVVC_INTERNAL.AVAILABLE_STARTING, 'YYYY-MM-DD"T"HH24:MI:SS"Z"')) <= TRUNC(TO_DATE(#{operation.values[1]}, 'YYYY-MM-DD HH24:MI:SS' ))
                            AND
                            TRUNC(TO_DATE(SVVC_INTERNAL.EXP_DATE, 'YYYY-MM-DD"T"HH24:MI:SS"Z"')) >= TRUNC(TO_DATE(#{operation.values[1]}, 'YYYY-MM-DD HH24:MI:SS' ))
                          )
                        ]]>
                    </when>
                  </choose>
                </when>
                <when test="operation.key == 'LICENSE_RANGE'">
                  <choose>
                    <when test="operation.values[0] != '' and operation.values[1] != ''">
                      <![CDATA[
                        (
                          TRUNC(TO_DATE(SVVC_INTERNAL.AVAILABLE_STARTING, 'YYYY-MM-DD"T"HH24:MI:SS"Z"')) = TRUNC(TO_DATE(#{operation.values[0]}, 'YYYY-MM-DD HH24:MI:SS' ))
                          AND
                          TRUNC(TO_DATE(SVVC_INTERNAL.EXP_DATE, 'YYYY-MM-DD"T"HH24:MI:SS"Z"')) = TRUNC(TO_DATE(#{operation.values[1]}, 'YYYY-MM-DD HH24:MI:SS' ))
                        )
                      ]]>
                    </when>
                    <when test="operation.values[0] != ''">
                      <![CDATA[
                        (
                          TRUNC(TO_DATE(SVVC_INTERNAL.AVAILABLE_STARTING, 'YYYY-MM-DD"T"HH24:MI:SS"Z"')) = TRUNC(TO_DATE(#{operation.values[0]}, 'YYYY-MM-DD HH24:MI:SS' ))
                        )
                      ]]>
                    </when>
                    <when test="operation.values[1] != ''">
                      <![CDATA[
                        (
                          TRUNC(TO_DATE(SVVC_INTERNAL.EXP_DATE, 'YYYY-MM-DD"T"HH24:MI:SS"Z"')) = TRUNC(TO_DATE(#{operation.values[1]}, 'YYYY-MM-DD HH24:MI:SS' ))
                        )
                      ]]>
                    </when>
                  </choose>
                </when>
                <when test="operation.key == 'EVENT_RANGE'">
                  <choose>
                    <when test="operation.values[0] != '' and operation.values[1] != ''">
                      <![CDATA[
                      (
                        TRUNC(TO_DATE(SVVC_INTERNAL.EVENT_STARTING, 'YYYY-MM-DD"T"HH24:MI:SS"Z"')) = TRUNC(TO_DATE(#{operation.values[0]}, 'YYYY-MM-DD HH24:MI:SS' ))
                        AND
                        TRUNC(TO_DATE(SVVC_INTERNAL.EVENT_ENDING, 'YYYY-MM-DD"T"HH24:MI:SS"Z"')) = TRUNC(TO_DATE(#{operation.values[1]}, 'YYYY-MM-DD HH24:MI:SS' ))
                      )
                    ]]>
                    </when>
                    <when test="operation.values[0] != ''">
                      <![CDATA[
                      (
                        TRUNC(TO_DATE(SVVC_INTERNAL.EVENT_STARTING, 'YYYY-MM-DD"T"HH24:MI:SS"Z"')) = TRUNC(TO_DATE(#{operation.values[0]}, 'YYYY-MM-DD HH24:MI:SS' ))
                      )
                    ]]>
                    </when>
                    <when test="operation.values[1] != ''">
                      <![CDATA[
                      (
                        TRUNC(TO_DATE(SVVC_INTERNAL.EVENT_ENDING, 'YYYY-MM-DD"T"HH24:MI:SS"Z"')) = TRUNC(TO_DATE(#{operation.values[1]}, 'YYYY-MM-DD HH24:MI:SS' ))
                      )
                    ]]>
                    </when>
                  </choose>
                </when>
                <when test="operation.key == 'ASSET_INGESTION_RANGE'">
                  <choose>
                    <when test="operation.values[0] != '' and operation.values[1] != ''">
                      <![CDATA[
                        (
                            TRUNC(SVVC_INTERNAL.REG_DT) >= TRUNC(TO_DATE(#{operation.values[0]}, 'YYYY-MM-DD HH24:MI:SS' ))
                            AND
                            TRUNC(SVVC_INTERNAL.REG_DT) <= TRUNC(TO_DATE(#{operation.values[1]}, 'YYYY-MM-DD HH24:MI:SS' ))
                        )
                      ]]>
                    </when>
                    <when test="operation.values[0] != ''">
                      <![CDATA[
                        (
                          TRUNC(SVVC_INTERNAL.REG_DT) = TRUNC(TO_DATE(#{operation.values[0]}, 'YYYY-MM-DD HH24:MI:SS' ))
                        )
                      ]]>
                    </when>
                    <when test="operation.values[1] != ''">
                      <![CDATA[
                        (
                          TRUNC(SVVC_INTERNAL.REG_DT) = TRUNC(TO_DATE(#{operation.values[1]}, 'YYYY-MM-DD HH24:MI:SS' ))
                        )
                      ]]>
                    </when>
                  </choose>
                </when>
                <when test="operation.key == 'ASSET_UPDATE_RANGE'">
                  <choose>
                    <when test="operation.values[0] != '' and operation.values[1] != ''">
                      <![CDATA[
                        (
                            TRUNC(SVVC_INTERNAL.UPD_DT) >= TRUNC(TO_DATE(#{operation.values[0]}, 'YYYY-MM-DD HH24:MI:SS' ))
                            AND
                            TRUNC(SVVC_INTERNAL.UPD_DT) <= TRUNC(TO_DATE(#{operation.values[1]}, 'YYYY-MM-DD HH24:MI:SS' ))
                        )
                      ]]>
                    </when>
                    <when test="operation.values[0] != ''">
                      <![CDATA[
                        (
                          TRUNC(SVVC_INTERNAL.UPD_DT) = TRUNC(TO_DATE(#{operation.values[0]}, 'YYYY-MM-DD HH24:MI:SS' ))
                        )
                      ]]>
                    </when>
                    <when test="operation.values[1] != ''">
                      <![CDATA[
                        (
                          TRUNC(SVVC_INTERNAL.UPD_DT) = TRUNC(TO_DATE(#{operation.values[1]}, 'YYYY-MM-DD HH24:MI:SS' ))
                        )
                      ]]>
                    </when>
                  </choose>
                </when>
              </choose>

            </if>
          </foreach>
        </if>
      </if>
    ) INNER
      <if test="filterBody!= null and filterBody.pagination != null" >
        WHERE
          RN BETWEEN ${filterBody.pagination.offset} AND ${filterBody.pagination.limit}
      </if>
  </sql>

  <sql id="filteredAssetQueryRef">
    <include refid="exportSelectedColumns" />
    FROM
    (
      <include refid="contentTablePaginationQuery" />
    ) SVVC
    LEFT JOIN
      ITVSTD_O.STD_VC_VOD_CONTENT SVVC_SEASON
    ON (
      SVVC_SEASON.CONTENT_ID = SVVC.SEASON_ID AND
      SVVC_SEASON.VC_CP_ID = SVVC.VC_CP_ID AND
      SVVC_SEASON.CNTY_CD = SVVC.CNTY_CD
    )
    LEFT JOIN
      ITVSTD_O.STD_VC_VOD_CONTENT SVVC_SHOW
    ON (
      SVVC_SHOW.CONTENT_ID = SVVC.SHOW_ID AND
      SVVC_SHOW.VC_CP_ID = SVVC.VC_CP_ID AND
      SVVC_SHOW.CNTY_CD = SVVC.CNTY_CD
    )
    LEFT JOIN
      ITVSTD_O.STD_VC_VOD_CP SVC
    ON (
      SVVC.VC_CP_ID = SVC.VC_CP_ID
      AND SVVC.CNTY_CD = SVC.COUNTRY_CD
    )
    LEFT JOIN
      ITVSTD_O.STD_VC_VOD_DRM DRM
    ON (
        SVVC.CONTENT_ID = DRM.PROGRAM_ID AND
        SVVC.VC_CP_ID = DRM.PROVIDER_ID AND
        SVVC.CNTY_CD = DRM.COUNTRY_CD
    )
    LEFT JOIN
      ITVSTD_O.STD_VC_VOD_EXTERNALID EXT
    ON (
        SVVC.CONTENT_ID = EXT.PROGRAM_ID AND
        SVVC.VC_CP_ID = EXT.VC_CP_ID AND
        SVVC.CNTY_CD = EXT.COUNTRY_CD
    )
    LEFT JOIN
      ITVSTD_O.STD_VC_VOD_CONTENT_PARENTAL_RATINGS RATING
    ON (
      SVVC.CONTENT_ID = RATING.CONTENT_ID AND
      SVVC.VC_CP_ID = RATING.VC_CP_ID AND
      SVVC.CNTY_CD = RATING.CNTY_CD
    )
    LEFT JOIN
      ITVSTD_O.STD_VC_VOD_CAST CAST
    ON (
      SVVC.CONTENT_ID = CAST.CONTENT_ID AND
      SVVC.VC_CP_ID = CAST.VC_CP_ID AND
      SVVC.CNTY_CD = CAST.CNTY_CD
    )
    LEFT JOIN
      ITVSTD_O.STD_CMS_VOD_ASSET_LICENSE LICENSE
    ON (
      SVVC.CONTENT_ID = LICENSE.PROGRAM_ID AND
      SVVC.VC_CP_ID = LICENSE.PROVIDER_ID AND
      SVVC.CNTY_CD = LICENSE.COUNTRY_CD
    )
    LEFT JOIN
      ITVSTD_O.STD_CMS_VOD_ASSET_EVENT EVENT
    ON (
      SVVC.CONTENT_ID = EVENT.PROGRAM_ID AND
      SVVC.VC_CP_ID = EVENT.PROVIDER_ID AND
      SVVC.CNTY_CD = EVENT.COUNTRY_CD
    )
    LEFT JOIN
      ITVSTD_O.STD_CMS_VOD_CONTENT_LAST_STATUS LAST_STATUS
    ON (
        SVVC.CONTENT_ID = LAST_STATUS.CONTENT_ID AND
        SVVC.CNTY_CD = LAST_STATUS.CNTY_CD AND
        SVVC.VC_CP_ID = LAST_STATUS.VC_CP_ID
    )
    LEFT JOIN
      ITVSTD_O.STD_VC_VOD_CONTENT_GEO_RESTRICTIONS GEO
    ON (
      SVVC.CONTENT_ID = GEO.CONTENT_ID AND
      SVVC.VC_CP_ID = GEO.PROVIDER_ID AND
      SVVC.CNTY_CD = GEO.COUNTRY_CD
    )
    LEFT JOIN
      ITVSTD_O.STD_VC_CNTY_CD_LANG_MAP MAP
    ON MAP.CNTY_CD = SVVC.CNTY_CD
    LEFT JOIN
      ITVSTD_O.STD_CMS_VOD_LANG_TEXT CMS
    ON CMS.LANG_CD = MAP.LANG_CODE
    <include refid="totalFilters" />
  </sql>

  <select id="getAssetsForExport" resultMap="vodAssetMap">
    <include refid="filteredAssetQueryRef" />
    ORDER BY
      CASE
        <foreach item="column" collection="feedWorkerOrder">
          WHEN
            LOWER(SVVC.FEED_WORKER) = LOWER(#{column.feedWorker}) THEN #{column.priority}
        </foreach>
      END,
      <if test="filterBody != null and filterBody.sortBy != null">
        <foreach item="sort" collection="filterBody.sortBy" separator="," close=",">
          SVVC.${sort.field} ${sort.order}
        </foreach>
      </if>
      SVVC.CONTENT_ID
  </select>

  <select id="getExportAssetCount" >
    SELECT
      COUNT(DISTINCT SVVC.CONTENT_ID)
    FROM ITVSTD_O.STD_VC_VOD_CONTENT SVVC
        LEFT JOIN
          ITVSTD_O.STD_VC_VOD_CONTENT SVVC_SEASON
        ON (
          SVVC_SEASON.CONTENT_ID = SVVC.SEASON_ID AND
          SVVC_SEASON.VC_CP_ID = SVVC.VC_CP_ID AND
          SVVC_SEASON.CNTY_CD = SVVC.CNTY_CD
        )
        LEFT JOIN
          ITVSTD_O.STD_VC_VOD_CONTENT SVVC_SHOW
        ON (
          SVVC_SHOW.CONTENT_ID = SVVC.SHOW_ID AND
          SVVC_SHOW.VC_CP_ID = SVVC.VC_CP_ID AND
          SVVC_SHOW.CNTY_CD = SVVC.CNTY_CD
        )
        LEFT JOIN
          ITVSTD_O.STD_VC_VOD_CP SVC
        ON (
          SVVC.VC_CP_ID = SVC.VC_CP_ID
          AND SVVC.CNTY_CD = SVC.COUNTRY_CD
        )
        LEFT JOIN
          ITVSTD_O.STD_VC_VOD_DRM DRM
        ON (
            SVVC.CONTENT_ID = DRM.PROGRAM_ID AND
            SVVC.VC_CP_ID = DRM.PROVIDER_ID AND
            SVVC.CNTY_CD = DRM.COUNTRY_CD
        )
        LEFT JOIN
          ITVSTD_O.STD_VC_VOD_EXTERNALID EXT
        ON (
            SVVC.CONTENT_ID = EXT.PROGRAM_ID AND
            SVVC.VC_CP_ID = EXT.VC_CP_ID AND
            SVVC.CNTY_CD = EXT.COUNTRY_CD
        )
        LEFT JOIN
          ITVSTD_O.STD_VC_VOD_CONTENT_PARENTAL_RATINGS RATING
        ON (
          SVVC.CONTENT_ID = RATING.CONTENT_ID AND
          SVVC.VC_CP_ID = RATING.VC_CP_ID AND
          SVVC.CNTY_CD = RATING.CNTY_CD
        )
        LEFT JOIN
          ITVSTD_O.STD_VC_VOD_CAST CAST
        ON (
          SVVC.CONTENT_ID = CAST.CONTENT_ID AND
          SVVC.VC_CP_ID = CAST.VC_CP_ID AND
          SVVC.CNTY_CD = CAST.CNTY_CD
        )
        LEFT JOIN
          ITVSTD_O.STD_CMS_VOD_ASSET_LICENSE LICENSE
        ON (
          SVVC.CONTENT_ID = LICENSE.PROGRAM_ID AND
          SVVC.VC_CP_ID = LICENSE.PROVIDER_ID AND
          SVVC.CNTY_CD = LICENSE.COUNTRY_CD
        )
        LEFT JOIN
          ITVSTD_O.STD_CMS_VOD_CONTENT_LAST_STATUS LAST_STATUS
        ON (
            SVVC.CONTENT_ID = LAST_STATUS.CONTENT_ID AND
            SVVC.CNTY_CD = LAST_STATUS.CNTY_CD AND
            SVVC.VC_CP_ID = LAST_STATUS.VC_CP_ID
        )
        LEFT JOIN
          ITVSTD_O.STD_VC_VOD_CONTENT_GEO_RESTRICTIONS GEO
        ON (
          SVVC.CONTENT_ID = GEO.CONTENT_ID AND
          SVVC.VC_CP_ID = GEO.PROVIDER_ID AND
          SVVC.CNTY_CD = GEO.COUNTRY_CD
        )
        LEFT JOIN
          ITVSTD_O.STD_VC_CNTY_CD_LANG_MAP MAP
        ON MAP.CNTY_CD = SVVC.CNTY_CD
        LEFT JOIN
          ITVSTD_O.STD_CMS_VOD_LANG_TEXT CMS
        ON CMS.LANG_CD = MAP.LANG_CODE
    <include refid="totalFilters" />
  </select>

</mapper>