<?xml version="1.0" encoding="UTF-8" standalone="no"?>
<!DOCTYPE mapper PUBLIC "-//mybatis.org//DTD Mapper 3.0//EN"
  "http://mybatis.org/dtd/mybatis-3-mapper.dtd">

<mapper namespace="com.cms.assetmanagement.mapper.asset.content.VodAssetColumnLockMapper">
  <select id="getAllColumnLockByContentId" resultType="com.cms.assetmanagement.model.AssetLockedFieldDto" parameterType="com.cms.assetmanagement.model.AssetKeyDto">
    SELECT
      SVVCL.CNTY_CD AS countryCode,
      SVVCL.VC_CP_ID AS providerId,
      SVVCL.CONTENT_ID AS contentId,
      SVVCL.FIELD_NAME as fieldName,
      SVVCL.FIELD_TYPE AS fieldType
    FROM
      ITVSTD_O.STD_VC_VOD_CONTENT_LOCK SVVCL
    WHERE
      SVVCL.CNTY_CD=#{countryCode} AND
      SVVCL.VC_CP_ID=#{vcCpId} AND
      SVVCL.CONTENT_ID=#{contentId}
  </select>
  <insert id="insertColumnLockByContentId" parameterType="map">
    INSERT ALL
    <foreach collection="lockedFieldList" item="lockedFieldDetail">
      INTO
      ITVSTD_O.STD_VC_VOD_CONTENT_LOCK
      (
      CNTY_CD,
      VC_CP_ID,
      CONTENT_ID,
      FIELD_NAME,
      FIELD_TYPE
      )
      VALUES
      (
      #{lockedFieldDetail.countryCode, jdbcType=VARCHAR},
      #{lockedFieldDetail.providerId, jdbcType=VARCHAR},
      #{lockedFieldDetail.contentId, jdbcType=VARCHAR},
      #{lockedFieldDetail.fieldName, jdbcType=VARCHAR},
      #{lockedFieldDetail.fieldType, jdbcType=VARCHAR}
      )
    </foreach>
    SELECT * FROM DUAL
  </insert>
  <delete id="deleteColumnLockByContentId"  >
    DELETE FROM
    ITVSTD_O.STD_VC_VOD_CONTENT_LOCK SVVCL
    WHERE
    <foreach collection="assetList" item="asset" open="(" separator=" OR " close=")">
      ( SVVCL.CNTY_CD=#{asset.countryCode} AND
      SVVCL.VC_CP_ID=#{asset.vcCpId} AND
      SVVCL.CONTENT_ID=#{asset.contentId})
    </foreach>
  </delete>

</mapper>

